{
  "accuracy": 0.9,
  "precision": 0.902357,
  "recall": 0.9,
  "f1": 0.899749
}